{
  "num_prompts": 40,
  "pass_at": {
    "8": 0.85,
    "4": 0.0,
    "16": 1.0,
    "32": 1.0,
    "1": 0.0,
    "2": 0.0
  },
  "unique_frac": 0.546875,
  "entropy": 2.0509572679762376,
  "avg_duration_s": 0.21382197188265004,
  "avg_chars_per_sec": 46.76487316514256,
  "coverage": 1.0
}
