{
  "num_prompts": 2,
  "pass_at": {
    "8": 0.0,
    "1": 0.0,
    "32": 0.0,
    "16": 0.0
  },
  "unique_frac": 1.0,
  "entropy": 3.465735902767729,
  "avg_duration_s": 0.35565261637339063,
  "avg_chars_per_sec": 701.7711978245283,
  "coverage": 0.0
}
