{
  "num_prompts": 26,
  "pass_at": {
    "16": 0.6153846153846154,
    "8": 0.5769230769230769,
    "32": 0.6153846153846154,
    "2": 0.3076923076923077,
    "4": 0.38461538461538464,
    "1": 0.15384615384615385
  },
  "unique_frac": 0.9903846153846154,
  "entropy": 2.3898193738398676,
  "avg_duration_s": 1.2869641365102489,
  "avg_chars_per_sec": 43.22995456983301,
  "coverage": 0.6153846153846154
}
