{
  "num_prompts": 10,
  "pass_at": {
    "32": 0.7,
    "1": 0.3,
    "4": 0.5,
    "16": 0.7,
    "2": 0.4,
    "8": 0.7
  },
  "unique_frac": 1.0,
  "entropy": 1.791759469222055,
  "avg_duration_s": 1.1726131587308677,
  "avg_chars_per_sec": 25.280751902711255,
  "coverage": 0.7
}
