{
  "num_prompts": 10,
  "pass_at": {
    "32": 0.7,
    "16": 0.7,
    "4": 0.6,
    "2": 0.6,
    "8": 0.7,
    "1": 0.6
  },
  "unique_frac": 0.25,
  "entropy": 0.2405199814493883,
  "avg_duration_s": 0.9837242533152069,
  "avg_chars_per_sec": 13.936686196636984,
  "coverage": 0.7
}
