{
  "num_prompts": 20,
  "pass_at": {
    "1": 0.75,
    "16": 0.75,
    "2": 0.75,
    "32": 0.75,
    "8": 0.75,
    "4": 0.75
  },
  "unique_frac": 0.18333333333333332,
  "entropy": 0.06931471805489445,
  "avg_duration_s": 0.662523808015491,
  "avg_chars_per_sec": 8.258844461511126,
  "coverage": 0.75
}
